[{"pk": 1, "model": "programas.program", "fields": {"contact_form_title": "", "weight": null, "has_contact_form": false, "title": "Laboratorio Vivo", "description_right": "<h3>Objetivo General</h3><p>Establecer un huerto de aprendizaje (un laboratorio vivo) dentro de instituciones educativas, con el fin de conectar directamente a los ni&ntilde;os y ni&ntilde;as con su entorno y con la producci&oacute;n de alimentos org&aacute;nicos, dando una herramienta de vida pr&aacute;ctica en su formaci&oacute;n.</p><h3>Objetivos Espec&iacute;ficos</h3><ul class=\"yellow_list\"><li><span>Crear una conciencia social sobre el origen de nuestros alimentos, para reducir su huella ecol&oacute;gica.</span></li><li><span>Vincular los conocimientos construidos en el campo de otras asignaturas curriculares del nivel b&aacute;sico con el huerto.</span></li><li><span>Estimular las inteligencias m&uacute;ltiples que cada uno de los participantes poseen.</span></li><li><span>Diversificar la dieta de los estudiantes dentro del programa de huerto escolar.</span></li><li><span>Desarrollar habilidades pr&aacute;cticas para que el alumnos puedan reproducir estos conocimientos en su hogar o comunidad. </span></li></ul>", "where_gallery": 1, "reg_date": "2013-05-24T21:09:58Z", "description_left": "<p>Consta de talleres pr&aacute;cticos que van guiando a ni&ntilde;as y ni&ntilde;os en la importancia de cultivar por si mismos, alimentos org&aacute;nicos.</p><p>Se le llama Laboratorio Vivo, ya que el huerto se convierte en un lugar donde se experimenta directamente con la naturaleza, se observa, se interviene y adem&aacute;s se basa en el trabajo en equipo.</p><p>Es considerado un programa transversal con la propuesta del Plan de estudios 2011, se rescatan tem&aacute;ticas de los diferentes campos de formaci&oacute;n, en los distintos niveles de educaci&oacute;n b&aacute;sica.</p><p>Estos talleres son impartidos dentro de las instituciones educativas como escuelas p&uacute;blicas y casas hogar.</p>"}}, {"pk": 2, "model": "programas.program", "fields": {"contact_form_title": "", "weight": null, "has_contact_form": false, "title": "Ecoagentes", "description_right": "", "where_gallery": 2, "reg_date": "2013-05-24T21:10:27Z", "description_left": "<p>Programa enfocado a involucrar a ni&ntilde;os y j&oacute;venes en el cuidado del medio ambiente de forma proactiva utilizando una plataforma virtual dise&ntilde;ada para monitorear las reducciones de C02 a partir de las acciones de los participantes.</p><p>Se promueve el trabajo en equipo y el liderazgo a fin de generar sinergias positivas y consolidar la forma de percibirse como agente de cambio. Adem&aacute;s de promover una cultura de la conservaci&oacute;n y cuidado del agua, de la energ&iacute;a el&eacute;ctrica, de las &aacute;reas verdes y la buena disposici&oacute;n de residuos org&aacute;nicos e inorg&aacute;nicos no t&oacute;xicos.</p><p>Esto se logra a trav&eacute;s de talleres de educaci&oacute;n ambiental y una plataforma ambiental que permite el monitoreo y seguimiento.</p>"}}, {"pk": 3, "model": "programas.program", "fields": {"contact_form_title": "", "weight": 1, "has_contact_form": false, "title": "Proyecto Semilla", "description_right": "<p>El proyecto semilla es un programa din&aacute;mico de participaci&oacute;n y educaci&oacute;n, en el que ni&ntilde;os y j&oacute;venes de casas hogar aprenden la importancia de la conservaci&oacute;n del entorno y la apropiaci&oacute;n del espacio. Con actividades como forestaci&oacute;n, construcci&oacute;n de su propio huerto, realizaci&oacute;n de composta, asignaci&oacute;n de espacio para la separaci&oacute;n de residuos y con talleres de educaci&oacute;n ambiental Reciclases.</p><p>Desde su arranque se ha impartido en dos etapas, la primera fue de enero a julio de 2011 en el que se invit&oacute; a 9 casas hogar donde se beneficiaron 250 ni&ntilde;os y en la segunda etapa de enero a julio de 2012 se continu&oacute; el programa con 8 casas hogar beneficiando a 200 ni&ntilde;os.</p><p>Contamos con la colaboraci&oacute;n de estudiantes de la licenciatura en educaci&oacute;n, de la Universidad del Desarrollo Profesional (UNIDEP) campus Ensenada, quienes imparten los talleres.</p>", "where_gallery": 1, "reg_date": "2013-05-24T21:11:55Z", "description_left": ""}}, {"pk": 4, "model": "programas.program", "fields": {"contact_form_title": "", "weight": 1, "has_contact_form": false, "title": "Reciclases en tu jard\u00edn", "description_right": "", "where_gallery": 2, "reg_date": "2013-05-24T21:12:20Z", "description_left": "<p><em>Son una evoluci&oacute;n de las Reciclases.</em></p><p>Las escuelas interesadas en recibir &aacute;rboles para ser plantados en sus espacios comunes, se registran para entrar en el programa. Los estudiantes de estos espacios educativos participan en la actividad de forestaci&oacute;n de su propio centro educativo. Se invitan a los padres de familia a ser parte de esta actividad para poder fortalecer un sentido de pertenencia en su comunidad. A la fecha se han plantado 1,331 &aacute;rboles frutales y de sombra en escuelas y casas hogar de Tijuana y Ensenada.</p>"}}, {"pk": 5, "model": "programas.program", "fields": {"contact_form_title": "Forma parte de nuestro equipo de talleristas", "weight": 1, "has_contact_form": true, "title": "Reciclases", "description_right": "<p>Las Reciclases se realizan gracias al apoyo y compromiso de j&oacute;venes universitarios que realizan servicio social o pr&aacute;cticas profesionales, los cuales son capacitados para convertirse en Talleristas de Reciclases, se les asigna una escuela y cumplen con el total de horas frente a grupo. De esta forma formamos a futuros maestros y se brinda la oportunidad de crear la necesidad, dentro de los espacios educativos, de incorporar la clase de cultura y educaci&oacute;n ambiental.</p><p>A la fecha se han beneficiado a 66 preescolares, primarias y secundarias de Tijuana y Mexicali con la participaci&oacute;n de 172 talleristas y 25 voluntarios universitarios, beneficiando a 42,228 ni&ntilde;os y j&oacute;venes en escuelas y 12,890 en eventos especiales.</p>", "where_gallery": 1, "reg_date": "2013-05-24T21:12:47Z", "description_left": "<p>Talleres que promueven una cultura urbana proactiva, enfocada al medio ambiente y desarrollo sustentable, de forma din&aacute;mica y divertida. Se realizan en escuelas p&uacute;blicas de educaci&oacute;n b&aacute;sica y media superior, adem&aacute;s de eventos organizados por otras organizaciones civiles o por dependencias de gobierno de los tres niveles de gobierno, enfocadas a la educaci&oacute;n, medio ambiente, cultura, ciencia y tecnolog&iacute;a.</p><p>Las actividades est&aacute;n dirigidas a ni&ntilde;os y j&oacute;venes. En Reciclases se les ense&ntilde;a a ni&ntilde;os y j&oacute;venes la importancia de cuidar el entono donde conviven con otras personas, a hacer uso correcto de los recursos, a respetar el espacio que comparten con otras personas y la necesidad de reducir, reutilizar y separar los residuos generados en la din&aacute;mica diaria.</p>"}}, {"pk": 6, "model": "programas.program", "fields": {"contact_form_title": "\u00bfTe gustar\u00eda ser parte de los j\u00f3venes que transforman su ciudad?", "weight": null, "has_contact_form": true, "title": "J\u00f3venes transformando", "description_right": "<p>Programa integral donde los j&oacute;venes son un agente de cambio dentro de su comunidad. Se promueve la participaci&oacute;n ciudadana con actividades que fortalecen una cultura urbana proactiva y un sentido de pertenencia dentro de la comunidad.</p>", "where_gallery": 1, "reg_date": "2013-05-24T21:13:40Z", "description_left": ""}}, {"pk": 1, "model": "programas.image", "fields": {"alt": "", "program": 1, "image": "programas/lab_vivo_01_3.jpg", "weight": null}}, {"pk": 2, "model": "programas.image", "fields": {"alt": "", "program": 1, "image": "programas/lab_vivo_02_3.jpg", "weight": null}}, {"pk": 3, "model": "programas.image", "fields": {"alt": "", "program": 1, "image": "programas/lab_vivo_03_3.jpg", "weight": null}}, {"pk": 4, "model": "programas.image", "fields": {"alt": "", "program": 2, "image": "programas/ecoagentes_01_2.jpg", "weight": null}}, {"pk": 5, "model": "programas.image", "fields": {"alt": "", "program": 3, "image": "programas/proyect_semilla_01_2.jpg", "weight": null}}, {"pk": 6, "model": "programas.image", "fields": {"alt": "", "program": 3, "image": "programas/proyect_semilla_02_3.jpg", "weight": null}}, {"pk": 7, "model": "programas.image", "fields": {"alt": "", "program": 3, "image": "programas/proyect_semilla_03_3.jpg", "weight": null}}, {"pk": 8, "model": "programas.image", "fields": {"alt": "", "program": 4, "image": "programas/reci_jardin_01_2.jpg", "weight": null}}, {"pk": 9, "model": "programas.image", "fields": {"alt": "", "program": 4, "image": "programas/reci_jardin_02_2.jpg", "weight": null}}, {"pk": 10, "model": "programas.image", "fields": {"alt": "", "program": 4, "image": "programas/reci_jardin_03_2.jpg", "weight": null}}, {"pk": 11, "model": "programas.image", "fields": {"alt": "", "program": 5, "image": "programas/reciclases_01_2.jpg", "weight": null}}, {"pk": 12, "model": "programas.image", "fields": {"alt": "", "program": 5, "image": "programas/reciclases_02_1.jpg", "weight": null}}, {"pk": 13, "model": "programas.image", "fields": {"alt": "", "program": 5, "image": "programas/reciclases_03_1.jpg", "weight": null}}, {"pk": 14, "model": "programas.image", "fields": {"alt": "", "program": 6, "image": "programas/jov_trans_01_2.jpg", "weight": null}}, {"pk": 15, "model": "programas.image", "fields": {"alt": "", "program": 6, "image": "programas/jov_trans_02_2.jpg", "weight": null}}, {"pk": 1, "model": "programas.talleristas", "fields": {"edad": "27", "ocupacion": "web developer", "reg_date": "2013-09-20", "nombre": "jaime", "select_apoyo": "Eventos", "mensaje": "go you!", "email": "test@test.com", "ficha": "talleristas/2013/09/3937_vista.jpg"}}, {"pk": 2, "model": "programas.talleristas", "fields": {"edad": "27", "ocupacion": "web developer", "reg_date": "2013-09-20", "nombre": "jaime", "select_apoyo": "Forestaciones / Huertos Escolares", "mensaje": "msg 2", "email": "test@test.com", "ficha": "talleristas/2013/09/3937_vista_1.jpg"}}, {"pk": 3, "model": "programas.talleristas", "fields": {"edad": "27", "ocupacion": "ocupacion", "reg_date": "2013-09-20", "nombre": "jaime", "select_apoyo": "Actividades Operativas", "mensaje": "lets english!", "email": "test@test.com", "ficha": "talleristas/2013/09/3963_vista.jpg"}}, {"pk": 4, "model": "programas.talleristas", "fields": {"edad": "27", "ocupacion": "ocupacion", "reg_date": "2013-09-20", "nombre": "jaime", "select_apoyo": "Actividades Operativas", "mensaje": "lets english!", "email": "test@test.com", "ficha": "talleristas/2013/09/3963_vista_1.jpg"}}, {"pk": 5, "model": "programas.talleristas", "fields": {"edad": "27", "ocupacion": "web developer", "reg_date": "2013-09-20", "nombre": "jaime", "select_apoyo": "Experiencia Profesional", "mensaje": "come on!", "email": "test@test.com", "ficha": "talleristas/2013/09/3956_vista.jpg"}}, {"pk": 6, "model": "programas.talleristas", "fields": {"edad": "27", "ocupacion": "web developer", "reg_date": "2013-09-20", "nombre": "jaime", "select_apoyo": "Experiencia Profesional", "mensaje": "ah si?", "email": "test@test.com", "ficha": "talleristas/2013/09/3953_vista.jpg"}}, {"pk": 7, "model": "programas.talleristas", "fields": {"edad": "27", "ocupacion": "web developer", "reg_date": "2013-09-20", "nombre": "jaime", "select_apoyo": "Experiencia Profesional", "mensaje": "ah si?", "email": "test@test.com", "ficha": "talleristas/2013/09/3953_vista_1.jpg"}}, {"pk": 8, "model": "programas.talleristas", "fields": {"edad": "27", "ocupacion": "web developer", "reg_date": "2013-09-20", "nombre": "jaime", "select_apoyo": "Eventos", "mensaje": "eventos", "email": "test@test.com", "ficha": "talleristas/2013/09/3943_vista.jpg"}}, {"pk": 9, "model": "programas.talleristas", "fields": {"edad": "27", "ocupacion": "web developer", "reg_date": "2013-09-20", "nombre": "jaime", "select_apoyo": "Eventos", "mensaje": "eventos", "email": "test@test.com", "ficha": "talleristas/2013/09/3943_vista_1.jpg"}}, {"pk": 10, "model": "programas.talleristas", "fields": {"edad": "27", "ocupacion": "web developer", "reg_date": "2013-09-20", "nombre": "jaime", "select_apoyo": "Eventos", "mensaje": "eventos", "email": "test@test.com", "ficha": "talleristas/2013/09/3943_vista_2.jpg"}}, {"pk": 11, "model": "programas.talleristas", "fields": {"edad": "27", "ocupacion": "web developer", "reg_date": "2013-09-20", "nombre": "jaime", "select_apoyo": "Eventos", "mensaje": "eventos", "email": "test@test.com", "ficha": "talleristas/2013/09/3943_vista_3.jpg"}}, {"pk": 12, "model": "programas.talleristas", "fields": {"edad": "27", "ocupacion": "web developer", "reg_date": "2013-09-20", "nombre": "jaime", "select_apoyo": "Eventos", "mensaje": "eventos", "email": "test@test.com", "ficha": "talleristas/2013/09/3943_vista_4.jpg"}}, {"pk": 13, "model": "programas.talleristas", "fields": {"edad": "27", "ocupacion": "web developer", "reg_date": "2013-09-20", "nombre": "jaime", "select_apoyo": "Eventos", "mensaje": "eventos", "email": "test@test.com", "ficha": "talleristas/2013/09/3963_vista_2.jpg"}}, {"pk": 14, "model": "programas.talleristas", "fields": {"edad": "27", "ocupacion": "web developer", "reg_date": "2013-09-20", "nombre": "jaime", "select_apoyo": "Eventos", "mensaje": "eventos", "email": "test@test.com", "ficha": "talleristas/2013/09/3963_vista_3.jpg"}}, {"pk": 15, "model": "programas.talleristas", "fields": {"edad": "27", "ocupacion": "web developer", "reg_date": "2013-09-20", "nombre": "jaime", "select_apoyo": "Eventos", "mensaje": "eventos", "email": "test@test.com", "ficha": "talleristas/2013/09/3963_vista_4.jpg"}}, {"pk": 16, "model": "programas.talleristas", "fields": {"edad": "27", "ocupacion": "web developer", "reg_date": "2013-09-20", "nombre": "jaime", "select_apoyo": "Eventos", "mensaje": "eventos", "email": "test@test.com", "ficha": "talleristas/2013/09/3963_vista_5.jpg"}}, {"pk": 17, "model": "programas.talleristas", "fields": {"edad": "27", "ocupacion": "web developer", "reg_date": "2013-09-20", "nombre": "jaime", "select_apoyo": "Eventos", "mensaje": "eventos", "email": "test@test.com", "ficha": "talleristas/2013/09/3963_vista_6.jpg"}}, {"pk": 18, "model": "programas.talleristas", "fields": {"edad": "27", "ocupacion": "web developer", "reg_date": "2013-09-20", "nombre": "jaime", "select_apoyo": "Eventos", "mensaje": "eventos", "email": "test@test.com", "ficha": "talleristas/2013/09/3963_vista_7.jpg"}}, {"pk": 19, "model": "programas.talleristas", "fields": {"edad": "27", "ocupacion": "web developer", "reg_date": "2013-09-20", "nombre": "jaime", "select_apoyo": "Eventos", "mensaje": "eventos", "email": "test@test.com", "ficha": "talleristas/2013/09/3963_vista_8.jpg"}}]